{
    "classes": [
        "ARGM-CAU",
        "ARG1-DSP",
        "ARGM-LOC",
        "ARGM-NEG",
        "ARG1",
        "ARGM-PRR",
        "ARGM-COM",
        "ARG0",
        "ARGM-ADJ",
        "ARGM-ADV",
        "ARGM-TMP",
        "ARGM-REC",
        "ARG2",
        "ARG5",
        "ARGM-PRP",
        "ARGA",
        "ARGM-PRD",
        "ARGM-MOD",
        "ARG4",
        "ARGM-CXN",
        "ARGM-EXT",
        "O",
        "ARGM-DIS",
        "ARGM-DIR",
        "ARGM-MNR",
        "ARG3",
        "ARGM-LVB",
        "ARGM-GOL"
    ],
    "precision": [
        0.3,
        0.0,
        0.627906976744186,
        0.6888888888888889,
        0.6306620209059234,
        0.4166666666666667,
        0.0,
        0.6179966044142614,
        0.5925925925925926,
        0.5520833333333334,
        0.6227544910179641,
        0.0,
        0.5706521739130435,
        0.0,
        0.5,
        0.0,
        0.3333333333333333,
        0.6428571428571429,
        0.4666666666666667,
        0.0,
        0.5714285714285714,
        0.9297649245684122,
        0.6371681415929203,
        0.5,
        0.4166666666666667,
        0.5,
        0.0,
        1.0
    ],
    "recall": [
        0.06818181818181818,
        0.0,
        0.13705583756345177,
        0.14761904761904762,
        0.22962258166825245,
        0.29411764705882354,
        0.0,
        0.21809466746554823,
        0.22119815668202766,
        0.1108786610878661,
        0.2003853564547206,
        0.0,
        0.19038984587488667,
        0.0,
        0.02666666666666667,
        0.0,
        0.022727272727272728,
        0.3380281690140845,
        0.25,
        0.0,
        0.19047619047619047,
        0.9892263986013986,
        0.4022346368715084,
        0.022222222222222223,
        0.07042253521126761,
        0.041666666666666664,
        0.0,
        0.045454545454545456
    ],
    "f1": [
        0.1111111111111111,
        0.0,
        0.225,
        0.24313725490196078,
        0.33666589165310395,
        0.3448275862068966,
        0.0,
        0.3224092116917626,
        0.3221476510067114,
        0.18466898954703834,
        0.3032069970845481,
        0.0,
        0.28552005438477224,
        0.0,
        0.05063291139240506,
        0.0,
        0.0425531914893617,
        0.4430769230769231,
        0.32558139534883723,
        0.0,
        0.2857142857142857,
        0.9585744310270894,
        0.4931506849315068,
        0.0425531914893617,
        0.12048192771084337,
        0.07692307692307693,
        0.0,
        0.08695652173913043
    ],
    "macro": {
        "precision_macro": 0.43278889984252045,
        "recall_macro": 0.1505953186988667,
        "f1_macro": 0.2001747603010974
    }
}