{
    "classes": [
        0,
        1
    ],
    "precision": [
        0.9264896274020082,
        0.7253886010362695
    ],
    "recall": [
        0.9930506993006993,
        0.18895512315824992
    ],
    "f1": [
        0.958616143237613,
        0.29981261711430357
    ],
    "macro": {
        "precision_macro": 0.8259391142191388,
        "recall_macro": 0.5910029112294746,
        "f1_macro": 0.6292143801759583
    }
}