{
    "classes": [
        "ARG2",
        "ARGM-TMP",
        "ARG4",
        "ARGM-LOC",
        "ARGM-PRR",
        "ARG3",
        "ARG1-DSP",
        "ARGM-CAU",
        "O",
        "ARGM-PRD",
        "ARGM-PRP",
        "ARG1",
        "ARGM-MNR",
        "ARGM-GOL",
        "ARGA",
        "ARG5",
        "ARGM-DIS",
        "ARGM-CXN",
        "ARGM-ADV",
        "ARGM-EXT",
        "ARGM-LVB",
        "ARGM-ADJ",
        "ARGM-REC",
        "ARG0",
        "ARGM-MOD",
        "ARGM-NEG",
        "ARGM-COM",
        "ARGM-DIR"
    ],
    "precision": [
        0.5672514619883041,
        0.7327586206896551,
        0.47058823529411764,
        0.5526315789473685,
        0.40476190476190477,
        0.5,
        0.0,
        0.35714285714285715,
        0.9275063111310978,
        0.2,
        0.17647058823529413,
        0.6448692152917505,
        0.4375,
        0.5,
        0.0,
        0.0,
        0.5803571428571429,
        0.0,
        0.639344262295082,
        0.75,
        0.0,
        0.7213114754098361,
        0.0,
        0.6421267893660532,
        0.6966292134831461,
        0.8214285714285714,
        0.0,
        0.2857142857142857
    ],
    "recall": [
        0.17588395285584768,
        0.16377649325626203,
        0.14285714285714285,
        0.1065989847715736,
        0.25,
        0.08333333333333333,
        0.0,
        0.11363636363636363,
        0.9915865384615384,
        0.022727272727272728,
        0.04,
        0.20329844592451635,
        0.04929577464788732,
        0.045454545454545456,
        0.0,
        0.0,
        0.36312849162011174,
        0.0,
        0.08158995815899582,
        0.11428571428571428,
        0.0,
        0.20276497695852536,
        0.0,
        0.18813660874775315,
        0.29107981220657275,
        0.10952380952380952,
        0.0,
        0.044444444444444446
    ],
    "f1": [
        0.2685121107266436,
        0.2677165354330709,
        0.2191780821917808,
        0.17872340425531916,
        0.3090909090909091,
        0.14285714285714285,
        0.0,
        0.1724137931034483,
        0.9584765767335752,
        0.04081632653061224,
        0.06521739130434782,
        0.3091391367253436,
        0.08860759493670886,
        0.08333333333333333,
        0.0,
        0.0,
        0.44673539518900346,
        0.0,
        0.14471243042671614,
        0.19834710743801653,
        0.0,
        0.31654676258992803,
        0.0,
        0.29101019462465244,
        0.4105960264900662,
        0.19327731092436976,
        0.0,
        0.07692307692307693
    ],
    "macro": {
        "precision_macro": 0.4145854469298738,
        "recall_macro": 0.1351215237097218,
        "f1_macro": 0.18507966577957374
    }
}