{
    "classes": [
        0,
        1
    ],
    "precision": [
        0.9246958304159436,
        0.7886266094420601
    ],
    "recall": [
        0.99569493006993,
        0.16533573276346866
    ],
    "f1": [
        0.9588829202333914,
        0.2733612273361227
    ],
    "macro": {
        "precision_macro": 0.8566612199290018,
        "recall_macro": 0.5805153314166993,
        "f1_macro": 0.616122073784757
    }
}