{
    "classes": [
        "ARGM-LVB",
        "ARGM-PRR",
        "ARG5",
        "ARGM-NEG",
        "ARGM-COM",
        "ARGM-CAU",
        "ARGM-PRD",
        "ARGM-ADJ",
        "ARGM-REC",
        "ARGM-CXN",
        "ARGM-GOL",
        "ARGM-PRP",
        "ARGA",
        "ARGM-MNR",
        "ARGM-ADV",
        "ARG1-DSP",
        "ARG4",
        "ARG1",
        "ARG3",
        "ARG0",
        "ARGM-MOD",
        "ARGM-DIR",
        "ARG2",
        "O",
        "ARGM-DIS",
        "ARGM-LOC",
        "ARGM-EXT",
        "ARGM-TMP"
    ],
    "precision": [
        0.0,
        0.4090909090909091,
        0.0,
        0.6956521739130435,
        0.0,
        0.35714285714285715,
        0.2857142857142857,
        0.6818181818181818,
        0.0,
        0.0,
        0.0,
        0.3333333333333333,
        0.0,
        0.46153846153846156,
        0.6075949367088608,
        0.0,
        0.5,
        0.6593647316538883,
        0.5217391304347826,
        0.6138996138996139,
        0.6336206896551724,
        0.3333333333333333,
        0.5527950310559007,
        0.9275941756309052,
        0.6,
        0.6944444444444444,
        0.7391304347826086,
        0.6716417910447762
    ],
    "recall": [
        0.0,
        0.2647058823529412,
        0.0,
        0.1523809523809524,
        0.0,
        0.11363636363636363,
        0.045454545454545456,
        0.2073732718894009,
        0.0,
        0.0,
        0.0,
        0.05333333333333334,
        0.0,
        0.04225352112676056,
        0.100418410041841,
        0.0,
        0.125,
        0.1909292737075801,
        0.16666666666666666,
        0.19053325344517674,
        0.34507042253521125,
        0.022222222222222223,
        0.1613780598368087,
        0.9912041083916084,
        0.3854748603351955,
        0.12690355329949238,
        0.1619047619047619,
        0.17341040462427745
    ],
    "f1": [
        0.0,
        0.32142857142857145,
        0.0,
        0.25,
        0.0,
        0.1724137931034483,
        0.0784313725490196,
        0.31802120141342755,
        0.0,
        0.0,
        0.0,
        0.09195402298850575,
        0.0,
        0.07741935483870968,
        0.17235188509874327,
        0.0,
        0.2,
        0.2961141170683719,
        0.25263157894736843,
        0.2908093278463649,
        0.44680851063829785,
        0.041666666666666664,
        0.24982456140350878,
        0.9583447780430603,
        0.46938775510204084,
        0.2145922746781116,
        0.265625,
        0.27565084226646247
    ],
    "macro": {
        "precision_macro": 0.40283744697126284,
        "recall_macro": 0.14358049525661215,
        "f1_macro": 0.19440984336002426
    }
}