{
    "classes": [
        "ARG2",
        "ARGM-TMP",
        "ARG4",
        "ARGM-LOC",
        "ARGM-PRR",
        "ARG3",
        "ARG1-DSP",
        "ARGM-CAU",
        "O",
        "ARGM-PRD",
        "ARGM-PRP",
        "ARG1",
        "ARGM-MNR",
        "ARGM-GOL",
        "ARGA",
        "ARG5",
        "ARGM-DIS",
        "ARGM-CXN",
        "ARGM-ADV",
        "ARGM-EXT",
        "ARGM-LVB",
        "ARGM-ADJ",
        "ARGM-REC",
        "ARG0",
        "ARGM-MOD",
        "ARGM-NEG",
        "ARGM-COM",
        "ARGM-DIR"
    ],
    "precision": [
        0.5851393188854489,
        0.6492537313432836,
        0.5833333333333334,
        0.5714285714285714,
        0.6875,
        0.7,
        0.0,
        0.42857142857142855,
        0.9265525782022404,
        0.0,
        0.5,
        0.6843373493975904,
        0.4444444444444444,
        0.0,
        0.0,
        0.0,
        0.6530612244897959,
        0.0,
        0.5245901639344263,
        0.6052631578947368,
        0.0,
        0.8292682926829268,
        0.0,
        0.7366863905325444,
        0.6810810810810811,
        0.7272727272727273,
        0.16666666666666666,
        1.0
    ],
    "recall": [
        0.17135086128739802,
        0.1676300578034682,
        0.125,
        0.18274111675126903,
        0.16176470588235295,
        0.09722222222222222,
        0.0,
        0.06818181818181818,
        0.9932801573426573,
        0.0,
        0.06666666666666667,
        0.18014589280050744,
        0.08450704225352113,
        0.0,
        0.0,
        0.0,
        0.3575418994413408,
        0.0,
        0.13389121338912133,
        0.21904761904761905,
        0.0,
        0.15668202764976957,
        0.0,
        0.14919113241461954,
        0.29577464788732394,
        0.11428571428571428,
        0.07692307692307693,
        0.044444444444444446
    ],
    "f1": [
        0.2650771388499299,
        0.2664624808575804,
        0.20588235294117646,
        0.27692307692307694,
        0.2619047619047619,
        0.17073170731707318,
        0.0,
        0.11764705882352941,
        0.9587567433594718,
        0.0,
        0.11764705882352941,
        0.2852121516444891,
        0.14201183431952663,
        0.0,
        0.0,
        0.0,
        0.4620938628158845,
        0.0,
        0.21333333333333335,
        0.32167832167832167,
        0.0,
        0.26356589147286824,
        0.0,
        0.24813153961136025,
        0.41243862520458263,
        0.19753086419753085,
        0.10526315789473684,
        0.0851063829787234
    ],
    "macro": {
        "precision_macro": 0.4530160878629016,
        "recall_macro": 0.1373668684526754,
        "f1_macro": 0.19204994089112457
    }
}